no,location,date,total_cases,new_cases,total_deaths,new_deaths,reproduction_rate,new_tests,total_tests,population,population_density,gdp_per_capita,extreme_poverty,,
1,Bangladesh,3/3/2020,0,0,0,0,0,108,108,164689383,1265.036,3523.984,14.8,,
2,Bangladesh,3/4/2020,0,0,0,0,0,3,111,164689383,1265.036,3523.984,14.8,,
3,Bangladesh,3/5/2020,0,0,0,0,0,0,0,164689383,1265.036,3523.984,14.8,,
4,Bangladesh,3/6/2020,0,0,0,0,0,9,120,164689383,1265.036,3523.984,14.8,,
5,Bangladesh,3/7/2020,0,0,0,0,0,7,127,164689383,1265.036,3523.984,14.8,,
6,Bangladesh,3/8/2020,3,3,0,0,0,10,137,164689383,1265.036,3523.984,14.8,,
7,Bangladesh,3/9/2020,3,0,0,0,0,10,147,164689383,1265.036,3523.984,14.8,,
8,Bangladesh,3/10/2020,3,0,0,0,0,16,163,164689383,1265.036,3523.984,14.8,,
9,Bangladesh,3/11/2020,3,0,0,0,0,24,187,164689383,1265.036,3523.984,14.8,,
10,Bangladesh,3/12/2020,3,0,0,0,0,24,211,164689383,1265.036,3523.984,14.8,,
11,Bangladesh,3/13/2020,3,0,0,0,0,30,241,164689383,1265.036,3523.984,14.8,,
12,Bangladesh,3/14/2020,3,0,0,0,0,27,268,164689383,1265.036,3523.984,14.8,,
13,Bangladesh,3/15/2020,5,2,0,0,0,25,293,164689383,1265.036,3523.984,14.8,,
14,Bangladesh,3/16/2020,8,3,0,0,0,49,342,164689383,1265.036,3523.984,14.8,,
15,Bangladesh,3/17/2020,10,2,0,0,0,39,381,164689383,1265.036,3523.984,14.8,,
16,Bangladesh,3/18/2020,14,4,1,1,0,46,427,164689383,1265.036,3523.984,14.8,,
17,Bangladesh,3/19/2020,17,3,1,0,0,36,463,164689383,1265.036,3523.984,14.8,,
18,Bangladesh,3/20/2020,20,3,1,0,0,36,499,164689383,1265.036,3523.984,14.8,,
19,Bangladesh,3/21/2020,25,5,2,1,0,65,564,164689383,1265.036,3523.984,14.8,,
20,Bangladesh,3/22/2020,27,2,2,0,0,56,620,164689383,1265.036,3523.984,14.8,,
21,Bangladesh,3/23/2020,33,6,3,1,0,92,712,164689383,1265.036,3523.984,14.8,,
22,Bangladesh,3/24/2020,39,6,4,1,0,82,794,164689383,1265.036,3523.984,14.8,,
23,Bangladesh,3/25/2020,39,0,5,1,0,126,920,164689383,1265.036,3523.984,14.8,,
24,Bangladesh,3/26/2020,44,5,5,0,0,106,1026,164689383,1265.036,3523.984,14.8,,
25,Bangladesh,3/27/2020,48,4,5,0,0,50,1076,164689383,1265.036,3523.984,14.8,,
26,Bangladesh,3/28/2020,48,0,5,0,0,109,1185,164689383,1265.036,3523.984,14.8,,
27,Bangladesh,3/29/2020,48,0,5,0,0,153,1338,164689383,1265.036,3523.984,14.8,,
28,Bangladesh,3/30/2020,49,1,5,0,0,264,1602,164689383,1265.036,3523.984,14.8,,
29,Bangladesh,3/31/2020,51,2,5,0,0,157,1759,164689383,1265.036,3523.984,14.8,,
30,Bangladesh,4/1/2020,54,3,6,1,0,147,1906,164689383,1265.036,3523.984,14.8,,
31,Bangladesh,4/2/2020,56,2,6,0,0,207,2113,164689383,1265.036,3523.984,14.8,,
32,Bangladesh,4/3/2020,61,5,6,0,0,434,2547,164689383,1265.036,3523.984,14.8,,
33,Bangladesh,4/4/2020,70,9,8,2,0,367,2914,164689383,1265.036,3523.984,14.8,,
34,Bangladesh,4/5/2020,88,18,9,1,0,696,3610,164689383,1265.036,3523.984,14.8,,
35,Bangladesh,4/6/2020,123,35,12,3,0,792,4402,164689383,1265.036,3523.984,14.8,,
36,Bangladesh,4/7/2020,164,41,17,5,2.73,981,5383,164689383,1265.036,3523.984,14.8,,
37,Bangladesh,4/8/2020,218,54,20,3,2.77,1097,6480,164689383,1265.036,3523.984,14.8,,
38,Bangladesh,4/9/2020,330,112,21,1,2.79,1184,7664,164689383,1265.036,3523.984,14.8,,
39,Bangladesh,4/10/2020,424,94,27,6,2.71,649,8313,164689383,1265.036,3523.984,14.8,,
40,Bangladesh,4/11/2020,482,58,30,3,2.62,1340,9653,164689383,1265.036,3523.984,14.8,,
41,Bangladesh,4/12/2020,621,139,34,4,2.6,1570,11223,164689383,1265.036,3523.984,14.8,,
42,Bangladesh,4/13/2020,803,182,39,5,2.56,1905,13128,164689383,1265.036,3523.984,14.8,,
43,Bangladesh,4/14/2020,1012,209,46,7,2.51,1740,14868,164689383,1265.036,3523.984,14.8,,
44,Bangladesh,4/15/2020,1231,219,50,4,2.41,2135,17003,164689383,1265.036,3523.984,14.8,,
45,Bangladesh,4/16/2020,1572,341,60,10,2.3,2190,19193,164689383,1265.036,3523.984,14.8,,
46,Bangladesh,4/17/2020,1838,266,75,15,2.2,2114,21307,164689383,1265.036,3523.984,14.8,,
47,Bangladesh,4/18/2020,2144,306,84,9,2.12,2634,23941,164689383,1265.036,3523.984,14.8,,
48,Bangladesh,4/19/2020,2456,312,91,7,1.99,2663,26604,164689383,1265.036,3523.984,14.8,,
49,Bangladesh,4/20/2020,2948,492,101,10,1.89,2974,29578,164689383,1265.036,3523.984,14.8,,
50,Bangladesh,4/21/2020,3382,434,110,9,1.75,3096,32674,164689383,1265.036,3523.984,14.8,,
51,Bangladesh,4/22/2020,3772,390,120,10,1.62,3416,36090,164689383,1265.036,3523.984,14.8,,
52,Bangladesh,4/23/2020,4186,414,127,7,1.53,3686,39776,164689383,1265.036,3523.984,14.8,,
53,Bangladesh,4/24/2020,4689,503,131,4,1.5,3337,43113,164689383,1265.036,3523.984,14.8,,
54,Bangladesh,4/25/2020,4998,309,140,9,1.44,3476,46589,164689383,1265.036,3523.984,14.8,,
55,Bangladesh,4/26/2020,5416,418,145,5,1.4,3812,50401,164689383,1265.036,3523.984,14.8,,
56,Bangladesh,4/27/2020,5913,497,152,7,1.38,4332,54733,164689383,1265.036,3523.984,14.8,,
57,Bangladesh,4/28/2020,6462,549,155,3,1.39,4968,59701,164689383,1265.036,3523.984,14.8,,
58,Bangladesh,4/29/2020,7103,641,163,8,1.4,4965,64666,164689383,1265.036,3523.984,14.8,,
59,Bangladesh,4/30/2020,7667,564,168,5,1.37,5573,70239,164689383,1265.036,3523.984,14.8,,
60,Bangladesh,5/1/2020,8238,571,170,2,1.37,5827,76066,164689383,1265.036,3523.984,14.8,,
61,Bangladesh,5/2/2020,8790,552,175,5,1.38,5368,81434,164689383,1265.036,3523.984,14.8,,
62,Bangladesh,5/3/2020,9455,665,177,2,1.36,6260,87694,164689383,1265.036,3523.984,14.8,,
63,Bangladesh,5/4/2020,10143,688,182,5,1.33,5711,93405,164689383,1265.036,3523.984,14.8,,
64,Bangladesh,5/5/2020,10929,786,183,1,1.32,0,0,164689383,1265.036,3523.984,14.8,,
65,Bangladesh,5/6/2020,11719,790,186,3,1.3,6241,99646,164689383,1265.036,3523.984,14.8,,
66,Bangladesh,5/7/2020,12425,706,199,13,1.28,5867,105513,164689383,1265.036,3523.984,14.8,,
67,Bangladesh,5/8/2020,13134,709,206,7,1.28,5941,111454,164689383,1265.036,3523.984,14.8,,
68,Bangladesh,5/9/2020,13770,636,214,8,1.31,5465,116919,164689383,1265.036,3523.984,14.8,,
69,Bangladesh,5/10/2020,14657,887,228,14,1.34,5738,122657,164689383,1265.036,3523.984,14.8,,
70,Bangladesh,5/11/2020,15691,1034,239,11,1.36,7208,129865,164689383,1265.036,3523.984,14.8,,
71,Bangladesh,5/12/2020,16660,969,250,11,1.36,6773,136638,164689383,1265.036,3523.984,14.8,,
72,Bangladesh,5/13/2020,17822,1162,269,19,1.37,7900,144538,164689383,1265.036,3523.984,14.8,,
73,Bangladesh,5/14/2020,18863,1041,283,14,1.36,7392,151930,164689383,1265.036,3523.984,14.8,,
74,Bangladesh,5/15/2020,20065,1202,298,15,1.36,8582,160512,164689383,1265.036,3523.984,14.8,,
75,Bangladesh,5/16/2020,20995,930,314,16,1.36,6782,167294,164689383,1265.036,3523.984,14.8,,
76,Bangladesh,5/17/2020,22268,1273,328,14,1.38,8114,175408,164689383,1265.036,3523.984,14.8,,
77,Bangladesh,5/18/2020,23870,1602,349,21,1.39,9788,185196,164689383,1265.036,3523.984,14.8,,
78,Bangladesh,5/19/2020,25121,1251,370,21,1.39,8449,193645,164689383,1265.036,3523.984,14.8,,
79,Bangladesh,5/20/2020,26738,1617,386,16,1.39,10260,203905,164689383,1265.036,3523.984,14.8,,
80,Bangladesh,5/21/2020,28511,1773,408,22,1.39,10262,214167,164689383,1265.036,3523.984,14.8,,
81,Bangladesh,5/22/2020,30205,1694,432,24,1.37,9727,223894,164689383,1265.036,3523.984,14.8,,
82,Bangladesh,5/23/2020,32078,1873,452,20,1.35,10834,234728,164689383,1265.036,3523.984,14.8,,
83,Bangladesh,5/24/2020,33610,1532,480,28,1.28,8908,243636,164689383,1265.036,3523.984,14.8,,
84,Bangladesh,5/25/2020,35585,1975,501,21,1.23,9451,253087,164689383,1265.036,3523.984,14.8,,
85,Bangladesh,5/26/2020,36751,1166,522,21,1.19,5407,258494,164689383,1265.036,3523.984,14.8,,
86,Bangladesh,5/27/2020,38292,1541,544,22,1.22,8015,266509,164689383,1265.036,3523.984,14.8,,
87,Bangladesh,5/28/2020,40321,2029,559,15,1.28,9310,275819,164689383,1265.036,3523.984,14.8,,
88,Bangladesh,5/29/2020,42844,2523,582,23,1.33,11301,287120,164689383,1265.036,3523.984,14.8,,
89,Bangladesh,5/30/2020,44608,1764,610,28,1.33,9997,297117,164689383,1265.036,3523.984,14.8,,
90,Bangladesh,5/31/2020,47153,2545,650,40,1.35,11876,308993,164689383,1265.036,3523.984,14.8,,
91,Bangladesh,6/1/2020,49534,2381,672,22,1.34,11339,320332,164689383,1265.036,3523.984,14.8,,
92,Bangladesh,6/2/2020,52445,2911,709,37,1.34,12704,333036,164689383,1265.036,3523.984,14.8,,
93,Bangladesh,6/3/2020,55140,2695,746,37,1.3,12510,345546,164689383,1265.036,3523.984,14.8,,
94,Bangladesh,6/4/2020,57563,2423,781,35,1.26,12694,358240,164689383,1265.036,3523.984,14.8,,
95,Bangladesh,6/5/2020,60391,2828,811,30,1.25,14088,372328,164689383,1265.036,3523.984,14.8,,
96,Bangladesh,6/6/2020,63026,2635,846,35,1.24,12486,384814,164689383,1265.036,3523.984,14.8,,
97,Bangladesh,6/7/2020,65769,2743,888,42,1.23,13136,397950,164689383,1265.036,3523.984,14.8,,
98,Bangladesh,6/8/2020,68504,2735,930,42,1.22,12944,410894,164689383,1265.036,3523.984,14.8,,
99,Bangladesh,6/9/2020,71675,3171,975,45,1.21,14664,425558,164689383,1265.036,3523.984,14.8,,
100,Bangladesh,6/10/2020,74865,3190,1012,37,1.21,15965,441523,164689383,1265.036,3523.984,14.8,,
101,Bangladesh,6/11/2020,78052,3187,1049,37,1.2,15772,457295,164689383,1265.036,3523.984,14.8,,
102,Bangladesh,6/12/2020,81523,3471,1095,46,1.19,15990,473285,164689383,1265.036,3523.984,14.8,,
103,Bangladesh,6/13/2020,84379,2856,1139,44,1.18,16638,489923,164689383,1265.036,3523.984,14.8,,
104,Bangladesh,6/14/2020,87520,3141,1171,32,1.17,14505,504428,164689383,1265.036,3523.984,14.8,,
105,Bangladesh,6/15/2020,90619,3099,1209,38,1.17,15038,519466,164689383,1265.036,3523.984,14.8,,
106,Bangladesh,6/16/2020,94481,3862,1262,53,1.18,17214,536680,164689383,1265.036,3523.984,14.8,,
107,Bangladesh,6/17/2020,98489,4008,1305,43,1.17,17527,554207,164689383,1265.036,3523.984,14.8,,
108,Bangladesh,6/18/2020,102292,3803,1343,38,1.14,16259,570466,164689383,1265.036,3523.984,14.8,,
109,Bangladesh,6/19/2020,105535,3243,1388,45,1.11,15045,585511,164689383,1265.036,3523.984,14.8,,
110,Bangladesh,6/20/2020,108775,3240,1425,37,1.1,14031,599542,164689383,1265.036,3523.984,14.8,,
111,Bangladesh,6/21/2020,112306,3531,1464,39,1.08,15585,615127,164689383,1265.036,3523.984,14.8,,
112,Bangladesh,6/22/2020,115786,3480,1502,38,1.07,15555,630682,164689383,1265.036,3523.984,14.8,,
113,Bangladesh,6/23/2020,119198,3412,1545,43,1.06,16292,646974,164689383,1265.036,3523.984,14.8,,
114,Bangladesh,6/24/2020,122660,3462,1582,37,1.06,16433,663407,164689383,1265.036,3523.984,14.8,,
115,Bangladesh,6/25/2020,126606,3946,1621,39,1.07,17999,681406,164689383,1265.036,3523.984,14.8,,
116,Bangladesh,6/26/2020,130474,3868,1661,40,1.09,18498,699904,164689383,1265.036,3523.984,14.8,,
117,Bangladesh,6/27/2020,133978,3504,1695,34,1.08,15157,715061,164689383,1265.036,3523.984,14.8,,
118,Bangladesh,6/28/2020,137787,3809,1738,43,1.08,18099,733160,164689383,1265.036,3523.984,14.8,,
119,Bangladesh,6/29/2020,141801,4014,1783,45,1.06,17837,750997,164689383,1265.036,3523.984,14.8,,
120,Bangladesh,6/30/2020,145483,3682,1847,64,1.03,18426,769423,164689383,1265.036,3523.984,14.8,,
121,Bangladesh,7/1/2020,149258,3775,1888,41,1,17875,787298,164689383,1265.036,3523.984,14.8,,
122,Bangladesh,7/2/2020,153277,4019,1926,38,0.98,18362,805660,164689383,1265.036,3523.984,14.8,,
123,Bangladesh,7/3/2020,156391,3114,1968,42,0.96,14650,820310,164689383,1265.036,3523.984,14.8,,
124,Bangladesh,7/4/2020,159679,3288,1997,29,0.94,14727,835037,164689383,1265.036,3523.984,14.8,,
125,Bangladesh,7/5/2020,162417,2738,2052,55,0.92,13988,849025,164689383,1265.036,3523.984,14.8,,
126,Bangladesh,7/6/2020,165618,3201,2096,44,0.91,14245,863270,164689383,1265.036,3523.984,14.8,,
127,Bangladesh,7/7/2020,168645,3027,2151,55,0.91,13173,876443,164689383,1265.036,3523.984,14.8,,
128,Bangladesh,7/8/2020,172134,3489,2197,46,0.92,15672,892115,164689383,1265.036,3523.984,14.8,,
129,Bangladesh,7/9/2020,175494,3360,2238,41,0.92,15632,907747,164689383,1265.036,3523.984,14.8,,
130,Bangladesh,7/10/2020,178443,2949,2275,37,0.92,13488,921235,164689383,1265.036,3523.984,14.8,,
131,Bangladesh,7/11/2020,181129,2686,2305,30,0.92,11193,932428,164689383,1265.036,3523.984,14.8,,
132,Bangladesh,7/12/2020,183795,2666,2352,47,0.93,11059,943487,164689383,1265.036,3523.984,14.8,,
133,Bangladesh,7/13/2020,186894,3099,2391,39,0.94,12423,955910,164689383,1265.036,3523.984,14.8,,
134,Bangladesh,7/14/2020,190057,3163,2424,33,0.95,13453,969363,164689383,1265.036,3523.984,14.8,,
135,Bangladesh,7/15/2020,193590,3533,2457,33,0.94,14002,983365,164689383,1265.036,3523.984,14.8,,
136,Bangladesh,7/16/2020,196323,2733,2496,39,0.93,12889,996254,164689383,1265.036,3523.984,14.8,,
137,Bangladesh,7/17/2020,199357,3034,2547,51,0.94,13460,1009714,164689383,1265.036,3523.984,14.8,,
138,Bangladesh,7/18/2020,202066,2709,2581,34,0.94,10923,1020637,164689383,1265.036,3523.984,14.8,,
139,Bangladesh,7/19/2020,204525,2459,2618,37,0.94,10625,1031262,164689383,1265.036,3523.984,14.8,,
140,Bangladesh,7/20/2020,207453,2928,2668,50,0.94,13362,1044624,164689383,1265.036,3523.984,14.8,,
141,Bangladesh,7/21/2020,210510,3057,2709,41,0.93,12898,1057522,164689383,1265.036,3523.984,14.8,,
142,Bangladesh,7/22/2020,213254,2744,2751,42,0.91,12050,1069572,164689383,1265.036,3523.984,14.8,,
143,Bangladesh,7/23/2020,216110,2856,2801,50,0.92,12398,1081970,164689383,1265.036,3523.984,14.8,,
144,Bangladesh,7/24/2020,218658,2548,2836,35,0.92,12027,1093997,164689383,1265.036,3523.984,14.8,,
145,Bangladesh,7/25/2020,221178,2520,2874,38,0.93,10446,1104443,164689383,1265.036,3523.984,14.8,,
146,Bangladesh,7/26/2020,223453,2275,2928,54,0.95,10078,1114521,164689383,1265.036,3523.984,14.8,,
147,Bangladesh,7/27/2020,226225,2772,2965,37,0.96,12859,1127380,164689383,1265.036,3523.984,14.8,,
148,Bangladesh,7/28/2020,229185,2960,3000,35,0.95,12714,1140094,164689383,1265.036,3523.984,14.8,,
149,Bangladesh,7/29/2020,232194,3009,3035,35,0.93,14127,1154221,164689383,1265.036,3523.984,14.8,,
150,Bangladesh,7/30/2020,234889,2695,3083,48,0.9,12937,1167158,164689383,1265.036,3523.984,14.8,,
151,Bangladesh,7/31/2020,237661,2772,3111,28,0.88,12614,1179772,164689383,1265.036,3523.984,14.8,,
152,Bangladesh,8/1/2020,239860,2199,3132,21,0.84,8802,1188574,164689383,1265.036,3523.984,14.8,,
153,Bangladesh,8/2/2020,240746,886,3154,22,0.8,3684,1192258,164689383,1265.036,3523.984,14.8,,
154,Bangladesh,8/3/2020,242102,1356,3184,30,0.82,4249,1196507,164689383,1265.036,3523.984,14.8,,
155,Bangladesh,8/4/2020,244020,1918,3234,50,0.88,7712,1204219,164689383,1265.036,3523.984,14.8,,
156,Bangladesh,8/5/2020,246674,2654,3267,33,0.97,11160,1215379,164689383,1265.036,3523.984,14.8,,
157,Bangladesh,8/6/2020,249651,2977,3306,39,1.05,12708,1228087,164689383,1265.036,3523.984,14.8,,
158,Bangladesh,8/7/2020,252502,2851,3333,27,1.09,12699,1240786,164689383,1265.036,3523.984,14.8,,
159,Bangladesh,8/8/2020,255113,2611,3365,32,1.11,11737,1252523,164689383,1265.036,3523.984,14.8,,
160,Bangladesh,8/9/2020,257600,2487,3399,34,1.12,10759,1263282,164689383,1265.036,3523.984,14.8,,
161,Bangladesh,8/10/2020,260507,2907,3438,39,1.11,12849,1276131,164689383,1265.036,3523.984,14.8,,
162,Bangladesh,8/11/2020,263503,2996,3471,33,1.08,14820,1290951,164689383,1265.036,3523.984,14.8,,
163,Bangladesh,8/12/2020,266498,2995,3513,42,1.05,14751,1305702,164689383,1265.036,3523.984,14.8,,
164,Bangladesh,8/13/2020,269115,2617,3557,44,1.03,13162,1318864,164689383,1265.036,3523.984,14.8,,
165,Bangladesh,8/14/2020,271881,2766,3591,34,1.02,12856,1331720,164689383,1265.036,3523.984,14.8,,
166,Bangladesh,8/15/2020,274525,2644,3625,34,1.02,12891,1344611,164689383,1265.036,3523.984,14.8,,
167,Bangladesh,8/16/2020,276549,2024,3657,32,1.01,10018,1354629,164689383,1265.036,3523.984,14.8,,
168,Bangladesh,8/17/2020,279144,2595,3694,37,1.01,12523,1367152,164689383,1265.036,3523.984,14.8,,
169,Bangladesh,8/18/2020,282344,3200,3740,46,1.01,14630,1381782,164689383,1265.036,3523.984,14.8,,
170,Bangladesh,8/19/2020,285091,2747,3781,41,0.99,14678,1396460,164689383,1265.036,3523.984,14.8,,
171,Bangladesh,8/20/2020,287959,2868,3822,41,0.98,14059,1410519,164689383,1265.036,3523.984,14.8,,
172,Bangladesh,8/21/2020,290360,2401,3861,39,0.95,12943,1423462,164689383,1265.036,3523.984,14.8,,
173,Bangladesh,8/22/2020,292625,2265,3907,46,0.94,11356,1434818,164689383,1265.036,3523.984,14.8,,
174,Bangladesh,8/23/2020,294598,1973,3941,34,0.94,10801,1445619,164689383,1265.036,3523.984,14.8,,
175,Bangladesh,8/24/2020,297083,2485,3983,42,0.94,13382,1459001,164689383,1265.036,3523.984,14.8,,
176,Bangladesh,8/25/2020,299628,2545,4028,45,0.93,14153,1473154,164689383,1265.036,3523.984,14.8,,
177,Bangladesh,8/26/2020,302147,2519,4082,54,0.92,15070,1488224,164689383,1265.036,3523.984,14.8,,
178,Bangladesh,8/27/2020,304583,2436,4127,45,0.92,15124,1503348,164689383,1265.036,3523.984,14.8,,
179,Bangladesh,8/28/2020,306794,2211,4174,47,0.92,13741,1517089,164689383,1265.036,3523.984,14.8,,
180,Bangladesh,8/29/2020,308925,2131,4206,32,0.92,11689,1528778,164689383,1265.036,3523.984,14.8,,
181,Bangladesh,8/30/2020,310822,1897,4248,42,0.91,11934,1540712,164689383,1265.036,3523.984,14.8,,
182,Bangladesh,8/31/2020,312996,2174,4281,33,0.9,12454,1553166,164689383,1265.036,3523.984,14.8,,
183,Bangladesh,9/1/2020,314946,1950,4316,35,0.9,12209,1565375,164689383,1265.036,3523.984,14.8,,
184,Bangladesh,9/2/2020,317528,2582,4351,35,0.91,15204,1580579,164689383,1265.036,3523.984,14.8,,
185,Bangladesh,9/3/2020,319686,2158,4383,32,0.91,14422,1595001,164689383,1265.036,3523.984,14.8,,
186,Bangladesh,9/4/2020,321615,1929,4412,29,0.9,13073,1608074,164689383,1265.036,3523.984,14.8,,
187,Bangladesh,9/5/2020,323565,1950,4447,35,0.9,12847,1620921,164689383,1265.036,3523.984,14.8,,
188,Bangladesh,9/6/2020,325157,1592,4479,32,0.9,11354,1632275,164689383,1265.036,3523.984,14.8,,
189,Bangladesh,9/7/2020,327359,2202,4516,37,0.89,15412,1647687,164689383,1265.036,3523.984,14.8,,
190,Bangladesh,9/8/2020,329251,1892,4552,36,0.88,14973,1662660,164689383,1265.036,3523.984,14.8,,
191,Bangladesh,9/9/2020,331078,1827,4593,41,0.86,14755,1677415,164689383,1265.036,3523.984,14.8,,
192,Bangladesh,9/10/2020,332970,1892,4634,41,0.86,15559,1692974,164689383,1265.036,3523.984,14.8,,
193,Bangladesh,9/11/2020,334762,1792,4668,34,0.86,14747,1707721,164689383,1265.036,3523.984,14.8,,
194,Bangladesh,9/12/2020,336044,1282,4702,34,0.86,10723,1718444,164689383,1265.036,3523.984,14.8,,
195,Bangladesh,9/13/2020,337520,1476,4733,31,0.87,12999,1731443,164689383,1265.036,3523.984,14.8,,
196,Bangladesh,9/14/2020,339332,1812,4759,26,0.88,14216,1745659,164689383,1265.036,3523.984,14.8,,
197,Bangladesh,9/15/2020,341056,1724,4802,43,0.88,14050,1759709,164689383,1265.036,3523.984,14.8,,
198,Bangladesh,9/16/2020,342671,1615,4823,21,0.88,13360,1773069,164689383,1265.036,3523.984,14.8,,
199,Bangladesh,9/17/2020,344264,1593,4859,36,0.89,13673,1786742,164689383,1265.036,3523.984,14.8,,
200,Bangladesh,9/18/2020,345805,1541,4881,22,0.91,12730,1799472,164689383,1265.036,3523.984,14.8,,
201,Bangladesh,9/19/2020,347372,1567,4913,32,0.93,13170,1812642,164689383,1265.036,3523.984,14.8,,
202,Bangladesh,9/20/2020,348918,1546,4939,26,0.94,11591,1824233,164689383,1265.036,3523.984,14.8,,
203,Bangladesh,9/21/2020,350621,1703,4979,40,0.92,13053,1837286,164689383,1265.036,3523.984,14.8,,
204,Bangladesh,9/22/2020,352178,1557,5007,28,0.91,14164,1851450,164689383,1265.036,3523.984,14.8,,
205,Bangladesh,9/23/2020,353844,1666,5044,37,0.9,14150,1865600,164689383,1265.036,3523.984,14.8,,
206,Bangladesh,9/24/2020,355384,1540,5072,28,0.89,12900,1878500,164689383,1265.036,3523.984,14.8,,
207,Bangladesh,9/25/2020,356767,1383,5093,21,0.88,12473,1890973,164689383,1265.036,3523.984,14.8,,
208,Bangladesh,9/26/2020,357873,1106,5129,36,0.88,10765,1901738,164689383,1265.036,3523.984,14.8,,
209,Bangladesh,9/27/2020,359148,1275,5161,32,0.89,10685,1912423,164689383,1265.036,3523.984,14.8,,
210,Bangladesh,9/28/2020,360555,1407,5193,32,0.9,11922,1924345,164689383,1265.036,3523.984,14.8,,
211,Bangladesh,9/29/2020,362043,1488,5219,26,0.91,12869,1937214,164689383,1265.036,3523.984,14.8,,
212,Bangladesh,9/30/2020,363479,1436,5251,32,0.92,13404,1950618,164689383,1265.036,3523.984,14.8,,
213,Bangladesh,10/1/2020,364987,1508,5272,21,0.93,11420,1962038,164689383,1265.036,3523.984,14.8,,
214,Bangladesh,10/2/2020,366383,1396,5305,33,0.94,11176,1973214,164689383,1265.036,3523.984,14.8,,
215,Bangladesh,10/3/2020,367565,1182,5325,20,0.94,9554,1982768,164689383,1265.036,3523.984,14.8,,
216,Bangladesh,10/4/2020,368690,1125,5348,23,0.95,9859,1992627,164689383,1265.036,3523.984,14.8,,
217,Bangladesh,10/5/2020,370132,1442,5375,27,0.96,11767,2004394,164689383,1265.036,3523.984,14.8,,
218,Bangladesh,10/6/2020,371631,1499,5405,30,0.97,12345,2016739,164689383,1265.036,3523.984,14.8,,
219,Bangladesh,10/7/2020,373151,1520,5440,35,0.97,13032,2029771,164689383,1265.036,3523.984,14.8,,
220,Bangladesh,10/8/2020,374592,1441,5460,20,0.97,12605,2042376,164689383,1265.036,3523.984,14.8,,
221,Bangladesh,10/9/2020,375870,1278,5477,17,0.97,11256,2053632,164689383,1265.036,3523.984,14.8,,
222,Bangladesh,10/10/2020,377073,1203,5500,23,0.99,10859,2064491,164689383,1265.036,3523.984,14.8,,
223,Bangladesh,10/11/2020,378266,1193,5524,24,1,9467,2073958,164689383,1265.036,3523.984,14.8,,
224,Bangladesh,10/12/2020,379738,1472,5555,31,1.02,13227,2087185,164689383,1265.036,3523.984,14.8,,
225,Bangladesh,10/13/2020,381275,1537,5577,22,1.04,13815,2101000,164689383,1265.036,3523.984,14.8,,
226,Bangladesh,10/14/2020,382959,1684,5593,16,1.05,14411,2115411,164689383,1265.036,3523.984,14.8,,
227,Bangladesh,10/15/2020,384559,1600,5608,15,1.04,14104,2129515,164689383,1265.036,3523.984,14.8,,
228,Bangladesh,10/16/2020,386086,1527,5623,15,1.03,13577,2143092,164689383,1265.036,3523.984,14.8,,
229,Bangladesh,10/17/2020,387295,1209,5646,23,1.03,11573,2154665,164689383,1265.036,3523.984,14.8,,
230,Bangladesh,10/18/2020,388569,1274,5660,14,1.02,11866,2166531,164689383,1265.036,3523.984,14.8,,
231,Bangladesh,10/19/2020,390206,1637,5681,21,1.02,15146,2181677,164689383,1265.036,3523.984,14.8,,
232,Bangladesh,10/20/2020,391586,1380,5699,18,1.01,13611,2195288,164689383,1265.036,3523.984,14.8,,
233,Bangladesh,10/21/2020,393131,1545,5723,24,1.01,14086,2209374,164689383,1265.036,3523.984,14.8,,
234,Bangladesh,10/22/2020,394827,1696,5747,24,1.01,14958,2224332,164689383,1265.036,3523.984,14.8,,
235,Bangladesh,10/23/2020,396413,1586,5761,14,1.01,14119,2238451,164689383,1265.036,3523.984,14.8,,
236,Bangladesh,10/24/2020,397507,1094,5780,19,0.99,10998,2249449,164689383,1265.036,3523.984,14.8,,
237,Bangladesh,10/25/2020,398815,1308,5803,23,0.98,10998,2260447,164689383,1265.036,3523.984,14.8,,
238,Bangladesh,10/26/2020,400251,1436,5818,15,0.98,11103,2271550,164689383,1265.036,3523.984,14.8,,
239,Bangladesh,10/27/2020,401586,1335,5838,20,0.99,12617,2284167,164689383,1265.036,3523.984,14.8,,
240,Bangladesh,10/28/2020,403079,1493,5861,23,1.01,12357,2296524,164689383,1265.036,3523.984,14.8,,
241,Bangladesh,10/29/2020,404760,1681,5886,25,1.04,14268,2310792,164689383,1265.036,3523.984,14.8,,
242,Bangladesh,10/30/2020,406364,1604,5905,19,1.06,14141,2324933,164689383,1265.036,3523.984,14.8,,
243,Bangladesh,10/31/2020,407684,1320,5923,18,1.07,11532,2336465,164689383,1265.036,3523.984,14.8,,
244,Bangladesh,11/1/2020,409252,1568,5941,18,1.08,11532,2347997,164689383,1265.036,3523.984,14.8,,
245,Bangladesh,11/2/2020,410988,1736,5966,25,1.07,11532,2359529,164689383,1265.036,3523.984,14.8,,
246,Bangladesh,11/3/2020,412647,1659,5983,17,1.05,14061,2373590,164689383,1265.036,3523.984,14.8,,
247,Bangladesh,11/4/2020,414164,1517,6004,21,1.04,13914,2387504,164689383,1265.036,3523.984,14.8,,
248,Bangladesh,11/5/2020,416006,1842,6021,17,1.03,15225,2402729,164689383,1265.036,3523.984,14.8,,
249,Bangladesh,11/6/2020,417475,1469,6036,15,1.02,13521,2416250,164689383,1265.036,3523.984,14.8,,
250,Bangladesh,11/7/2020,418764,1289,6049,13,1.03,11419,2427669,164689383,1265.036,3523.984,14.8,,
251,Bangladesh,11/8/2020,420238,1474,6067,18,1.04,12760,2440429,164689383,1265.036,3523.984,14.8,,
252,Bangladesh,11/9/2020,421921,1683,6092,25,1.05,14042,2454471,164689383,1265.036,3523.984,14.8,,
253,Bangladesh,11/10/2020,423620,1699,6108,16,1.06,13520,2467991,164689383,1265.036,3523.984,14.8,,
254,Bangladesh,11/11/2020,425353,1733,6127,19,1.08,14524,2482515,164689383,1265.036,3523.984,14.8,,
255,Bangladesh,11/12/2020,427198,1845,6140,13,1.09,17112,2499627,164689383,1265.036,3523.984,14.8,,
256,Bangladesh,11/13/2020,428965,1767,6159,19,1.11,13539,2513166,164689383,1265.036,3523.984,14.8,,
257,Bangladesh,11/14/2020,430496,1531,6173,14,1.13,11795,2524961,164689383,1265.036,3523.984,14.8,,
258,Bangladesh,11/15/2020,432333,1837,6194,21,1.15,14060,2539021,164689383,1265.036,3523.984,14.8,,
259,Bangladesh,11/16/2020,434472,2139,6215,21,1.16,15768,2554789,164689383,1265.036,3523.984,14.8,,
260,Bangladesh,11/17/2020,436684,2212,6254,39,1.17,15990,2570779,164689383,1265.036,3523.984,14.8,,
261,Bangladesh,11/18/2020,438795,2111,6275,21,1.17,16469,2587248,164689383,1265.036,3523.984,14.8,,
262,Bangladesh,11/19/2020,441159,2364,6305,30,1.17,17531,2604779,164689383,1265.036,3523.984,14.8,,
263,Bangladesh,11/20/2020,443434,2275,6322,17,1.15,15607,2620386,164689383,1265.036,3523.984,14.8,,
264,Bangladesh,11/21/2020,445281,1847,6350,28,1.14,12643,2633029,164689383,1265.036,3523.984,14.8,,
265,Bangladesh,11/22/2020,447341,2060,6388,38,1.12,13870,2646899,164689383,1265.036,3523.984,14.8,,
266,Bangladesh,11/23/2020,449760,2419,6416,28,1.1,16059,2662958,164689383,1265.036,3523.984,14.8,,
267,Bangladesh,11/24/2020,451990,2230,6448,32,1.08,15018,2677976,164689383,1265.036,3523.984,14.8,,
268,Bangladesh,11/25/2020,454146,2156,6487,39,1.06,16001,2693977,164689383,1265.036,3523.984,14.8,,
269,Bangladesh,11/26/2020,456438,2292,6524,37,1.06,17052,2711029,164689383,1265.036,3523.984,14.8,,
270,Bangladesh,11/27/2020,458711,2273,6544,20,1.05,16378,2727407,164689383,1265.036,3523.984,14.8,,
271,Bangladesh,11/28/2020,460619,1908,6580,36,1.05,14012,2741419,164689383,1265.036,3523.984,14.8,,
272,Bangladesh,11/29/2020,462407,1788,6609,29,1.04,13737,2755156,164689383,1265.036,3523.984,14.8,,
273,Bangladesh,11/30/2020,464932,2525,6644,35,1.03,15372,2770528,164689383,1265.036,3523.984,14.8,,
274,Bangladesh,12/1/2020,467225,2293,6675,31,1.02,15501,2786029,164689383,1265.036,3523.984,14.8,,
275,Bangladesh,12/2/2020,469423,2198,6713,38,1.01,15972,2802001,164689383,1265.036,3523.984,14.8,,
276,Bangladesh,12/3/2020,471739,2316,6748,35,1.01,16807,2818808,164689383,1265.036,3523.984,14.8,,
277,Bangladesh,12/4/2020,473991,2252,6772,24,1,15430,2834238,164689383,1265.036,3523.984,14.8,,
278,Bangladesh,12/5/2020,475789,1798,6807,35,0.98,13540,2847778,164689383,1265.036,3523.984,14.8,,
279,Bangladesh,12/6/2020,477545,1756,6838,31,0.97,13218,2860996,164689383,1265.036,3523.984,14.8,,
280,Bangladesh,12/7/2020,479743,2198,6874,36,0.95,14369,2875365,164689383,1265.036,3523.984,14.8,,
281,Bangladesh,12/8/2020,481945,2202,6906,32,0.94,17084,2892449,164689383,1265.036,3523.984,14.8,,
282,Bangladesh,12/9/2020,484104,2159,6930,24,0.92,17042,2909491,164689383,1265.036,3523.984,14.8,,
283,Bangladesh,12/10/2020,485965,1861,6967,37,0.9,16265,2925756,164689383,1265.036,3523.984,14.8,,
284,Bangladesh,12/11/2020,487849,1884,6986,19,0.88,16323,2942079,164689383,1265.036,3523.984,14.8,,
285,Bangladesh,12/12/2020,489178,1329,7020,34,0.86,12630,2954709,164689383,1265.036,3523.984,14.8,,
286,Bangladesh,12/13/2020,490533,1355,7052,32,0.85,12748,2967457,164689383,1265.036,3523.984,14.8,,
287,Bangladesh,12/14/2020,492332,1799,7089,37,0.84,16828,2984285,164689383,1265.036,3523.984,14.8,,
288,Bangladesh,12/15/2020,494209,1877,7129,40,0.83,19054,3003339,164689383,1265.036,3523.984,14.8,,
289,Bangladesh,12/16/2020,495841,1632,7156,27,0.81,17025,3020364,164689383,1265.036,3523.984,14.8,,
290,Bangladesh,12/17/2020,496975,1134,7192,36,0.79,13191,3033555,164689383,1265.036,3523.984,14.8,,
291,Bangladesh,12/18/2020,498293,1318,7217,25,0.8,14336,3047891,164689383,1265.036,3523.984,14.8,,
292,Bangladesh,12/19/2020,499560,1267,7242,25,0.82,12300,3060191,164689383,1265.036,3523.984,14.8,,
293,Bangladesh,12/20/2020,500713,1153,7280,38,0.82,12300,3072491,164689383,1265.036,3523.984,14.8,,
294,Bangladesh,12/21/2020,502183,1470,7312,32,0.82,15669,3088160,164689383,1265.036,3523.984,14.8,,
295,Bangladesh,12/22/2020,503501,1318,7329,17,0.81,15145,3103305,164689383,1265.036,3523.984,14.8,,
296,Bangladesh,12/23/2020,504868,1367,7359,30,0.81,15932,3119237,164689383,1265.036,3523.984,14.8,,
297,Bangladesh,12/24/2020,506102,1234,7378,19,0.81,13227,3132464,164689383,1265.036,3523.984,14.8,,
298,Bangladesh,12/25/2020,507265,1163,7398,20,0.81,13695,3146159,164689383,1265.036,3523.984,14.8,,
299,Bangladesh,12/26/2020,508099,834,7428,30,0.8,9912,3156071,164689383,1265.036,3523.984,14.8,,
300,Bangladesh,12/27/2020,509148,1049,7452,24,0.8,12650,3168721,164689383,1265.036,3523.984,14.8,,
301,Bangladesh,12/28/2020,510080,932,7479,27,0.8,12617,3181338,164689383,1265.036,3523.984,14.8,,
302,Bangladesh,12/29/2020,511261,1181,7509,30,0.82,14588,3195926,164689383,1265.036,3523.984,14.8,,
303,Bangladesh,12/30/2020,512496,1235,7531,22,0.83,15229,3211155,164689383,1265.036,3523.984,14.8,,
304,Bangladesh,12/31/2020,513510,1014,7559,28,0.83,13254,3224409,164689383,1265.036,3523.984,14.8,,
305,Bangladesh,1/1/2021,514500,990,7576,17,0.82,12103,3236512,164689383,1265.036,3523.984,14.8,,
306,Bangladesh,1/2/2021,515184,684,7599,23,0.82,9701,3246213,164689383,1265.036,3523.984,14.8,,
307,Bangladesh,1/3/2021,516019,835,7626,27,0.82,10925,3257138,164689383,1265.036,3523.984,14.8,,
308,Bangladesh,1/4/2021,516929,910,7650,24,0.84,10925,3268063,164689383,1265.036,3523.984,14.8,,
309,Bangladesh,1/5/2021,517920,991,7670,20,0.85,14462,3282525,164689383,1265.036,3523.984,14.8,,
310,Bangladesh,1/6/2021,518898,978,7687,17,0.86,15544,3298069,164689383,1265.036,3523.984,14.8,,
311,Bangladesh,1/7/2021,519905,1007,7718,31,0.88,15381,3313450,164689383,1265.036,3523.984,14.8,,
312,Bangladesh,1/8/2021,520690,785,7734,16,0.88,15381,3328831,164689383,1265.036,3523.984,14.8,,
313,Bangladesh,1/9/2021,521382,692,7756,22,0.89,12908,3341739,164689383,1265.036,3523.984,14.8,,
314,Bangladesh,1/10/2021,522453,1071,7781,25,0.91,12920,3354659,164689383,1265.036,3523.984,14.8,,
315,Bangladesh,1/11/2021,523302,849,7803,22,0.88,14097,3368756,164689383,1265.036,3523.984,14.8,,
316,Bangladesh,1/12/2021,524020,718,7819,16,0.85,14363,3383119,164689383,1265.036,3523.984,14.8,,
317,Bangladesh,1/13/2021,524910,890,7833,14,0.85,15727,3398846,164689383,1265.036,3523.984,14.8,,
318,Bangladesh,1/14/2021,525723,813,7849,16,0.84,16608,3415454,164689383,1265.036,3523.984,14.8,,
319,Bangladesh,1/15/2021,526485,762,7862,13,0.83,13678,3429132,164689383,1265.036,3523.984,14.8,,
320,Bangladesh,1/16/2021,527063,578,7883,21,0.82,12215,3441347,164689383,1265.036,3523.984,14.8,,
321,Bangladesh,1/17/2021,527632,569,7906,23,0.81,13446,3454793,164689383,1265.036,3523.984,14.8,,
322,Bangladesh,1/18/2021,528329,697,7922,16,0.81,12707,3467500,164689383,1265.036,3523.984,14.8,,
323,Bangladesh,1/19/2021,529031,702,7942,20,0.8,15097,3482597,164689383,1265.036,3523.984,14.8,,
324,Bangladesh,1/20/2021,529687,656,7950,8,0.79,15410,3498007,164689383,1265.036,3523.984,14.8,,
325,Bangladesh,1/21/2021,530271,584,7966,16,0.79,14761,3512768,164689383,1265.036,3523.984,14.8,,
326,Bangladesh,1/22/2021,530890,619,7981,15,0.8,14846,3527614,164689383,1265.036,3523.984,14.8,,
327,Bangladesh,1/23/2021,531326,436,8003,22,0.8,11115,3538729,164689383,1265.036,3523.984,14.8,,
328,Bangladesh,1/24/2021,531799,473,8023,20,0.8,14169,3552898,164689383,1265.036,3523.984,14.8,,
329,Bangladesh,1/25/2021,532401,602,8041,18,0.8,14829,3567727,164689383,1265.036,3523.984,14.8,,
330,Bangladesh,1/26/2021,532916,515,8055,14,0.79,14401,3582128,164689383,1265.036,3523.984,14.8,,
331,Bangladesh,1/27/2021,533444,528,8072,17,0.79,15720,3597848,164689383,1265.036,3523.984,14.8,,
332,Bangladesh,1/28/2021,533953,509,8087,15,0.79,14830,3612678,164689383,1265.036,3523.984,14.8,,
333,Bangladesh,1/29/2021,534407,454,8094,7,0.79,12075,3624753,164689383,1265.036,3523.984,14.8,,
334,Bangladesh,1/30/2021,534770,363,8111,17,0.8,12084,3636837,164689383,1265.036,3523.984,14.8,,
335,Bangladesh,1/31/2021,535139,369,8127,16,0.81,12225,3649062,164689383,1265.036,3523.984,14.8,,
336,Bangladesh,2/1/2021,535582,443,8137,10,0.82,12475,3661537,164689383,1265.036,3523.984,14.8,,
337,Bangladesh,2/2/2021,536107,525,8149,12,0.84,14452,3675989,164689383,1265.036,3523.984,14.8,,
338,Bangladesh,2/3/2021,536545,438,8162,13,0.84,14985,3690974,164689383,1265.036,3523.984,14.8,,
339,Bangladesh,2/4/2021,537030,485,8175,13,0.84,15273,3706247,164689383,1265.036,3523.984,14.8,,
340,Bangladesh,2/5/2021,537465,435,8182,7,0.83,15566,3721813,164689383,1265.036,3523.984,14.8,,
341,Bangladesh,2/6/2021,537770,305,8190,8,0.81,12135,3733948,164689383,1265.036,3523.984,14.8,,
342,Bangladesh,2/7/2021,538062,292,8205,15,0.8,12135,3746083,164689383,1265.036,3523.984,14.8,,
343,Bangladesh,2/8/2021,538378,316,8221,16,0.8,13762,3759845,164689383,1265.036,3523.984,14.8,,
344,Bangladesh,2/9/2021,538765,387,8229,8,0.83,14468,3774313,164689383,1265.036,3523.984,14.8,,
345,Bangladesh,2/10/2021,539153,388,8239,10,0.86,14999,3789312,164689383,1265.036,3523.984,14.8,,
346,Bangladesh,2/11/2021,539531,378,8248,9,0.89,15776,3805088,164689383,1265.036,3523.984,14.8,,
347,Bangladesh,2/12/2021,539975,444,8253,5,0.93,14328,3819416,164689383,1265.036,3523.984,14.8,,
348,Bangladesh,2/13/2021,540266,291,8266,13,0.94,12871,3832287,164689383,1265.036,3523.984,14.8,,
349,Bangladesh,2/14/2021,540592,326,8274,8,0.96,12900,3845187,164689383,1265.036,3523.984,14.8,,
350,Bangladesh,2/15/2021,541038,446,8285,11,0.98,14138,3859325,164689383,1265.036,3523.984,14.8,,
351,Bangladesh,2/16/2021,541434,396,8298,13,0.98,14788,3874113,164689383,1265.036,3523.984,14.8,,
352,Bangladesh,2/17/2021,541877,443,8314,16,0.98,16612,3890725,164689383,1265.036,3523.984,14.8,,
353,Bangladesh,2/18/2021,542268,391,8329,15,0.98,14603,3905328,164689383,1265.036,3523.984,14.8,,
354,Bangladesh,2/19/2021,542674,406,8337,8,0.98,14232,3919560,164689383,1265.036,3523.984,14.8,,
355,Bangladesh,2/20/2021,543024,350,8342,5,0.99,11148,3930708,164689383,1265.036,3523.984,14.8,,
356,Bangladesh,2/21/2021,543351,327,8349,7,0.99,14036,3944744,164689383,1265.036,3523.984,14.8,,
357,Bangladesh,2/22/2021,543717,366,8356,7,0.98,11103,3955847,164689383,1265.036,3523.984,14.8,,
358,Bangladesh,2/23/2021,544116,399,8374,18,1,12748,3968595,164689383,1265.036,3523.984,14.8,,
359,Bangladesh,2/24/2021,544544,428,8379,5,1.03,16152,3984747,164689383,1265.036,3523.984,14.8,,
360,Bangladesh,2/25/2021,544954,410,8384,5,1.07,15560,4000307,164689383,1265.036,3523.984,14.8,,
361,Bangladesh,2/26/2021,545424,470,8395,11,1.12,15032,4015339,164689383,1265.036,3523.984,14.8,,
362,Bangladesh,2/27/2021,545831,407,8400,5,1.15,12348,4027687,164689383,1265.036,3523.984,14.8,,
363,Bangladesh,2/28/2021,546216,385,8408,8,1.18,13411,4041098,164689383,1265.036,3523.984,14.8,,
364,Bangladesh,3/1/2021,546801,585,8416,8,1.21,13570,4054668,164689383,1265.036,3523.984,14.8,,
365,Bangladesh,3/2/2021,547316,515,8423,7,1.23,15325,4069993,164689383,1265.036,3523.984,14.8,,
366,Bangladesh,3/3/2021,547930,614,8428,5,1.26,16414,4086407,164689383,1265.036,3523.984,14.8,,
367,Bangladesh,3/4/2021,548549,619,8435,7,1.28,15985,4102392,164689383,1265.036,3523.984,14.8,,
368,Bangladesh,3/5/2021,549184,635,8441,6,1.31,13710,4116102,164689383,1265.036,3523.984,14.8,,
369,Bangladesh,3/6/2021,549724,540,8451,10,1.34,13082,4129184,164689383,1265.036,3523.984,14.8,,
370,Bangladesh,3/7/2021,550330,606,8462,11,1.38,14092,4143276,164689383,1265.036,3523.984,14.8,,
371,Bangladesh,3/8/2021,551175,845,8476,14,1.42,16958,4160234,164689383,1265.036,3523.984,14.8,,
372,Bangladesh,3/9/2021,552087,912,8489,13,1.46,17775,4178009,164689383,1265.036,3523.984,14.8,,
373,Bangladesh,3/10/2021,553105,1018,8496,7,1.49,17032,4195041,164689383,1265.036,3523.984,14.8,,
374,Bangladesh,3/11/2021,554156,1051,8502,6,1.51,18058,4213099,164689383,1265.036,3523.984,14.8,,
375,Bangladesh,3/12/2021,555222,1066,8515,13,1.54,16111,4229210,164689383,1265.036,3523.984,14.8,,
376,Bangladesh,3/13/2021,556236,1014,8527,12,1.57,16206,4245416,164689383,1265.036,3523.984,14.8,,
377,Bangladesh,3/14/2021,557395,1159,8545,18,1.61,16206,4261622,164689383,1265.036,3523.984,14.8,,
378,Bangladesh,3/15/2021,559168,1773,8571,26,1.64,18695,4280317,164689383,1265.036,3523.984,14.8,,
379,Bangladesh,3/16/2021,560887,1719,8597,26,1.64,20748,4301065,164689383,1265.036,3523.984,14.8,,
380,Bangladesh,3/17/2021,562752,1865,8608,11,1.64,24275,4325340,164689383,1265.036,3523.984,14.8,,
381,Bangladesh,3/18/2021,564939,2187,8624,16,1.63,20925,4346265,164689383,1265.036,3523.984,14.8,,
382,Bangladesh,3/19/2021,566838,1899,8642,18,1.61,18917,4365182,164689383,1265.036,3523.984,14.8,,
383,Bangladesh,3/20/2021,568706,1868,8668,26,1.61,19900,4385082,164689383,1265.036,3523.984,14.8,,
384,Bangladesh,3/21/2021,570878,2172,8690,22,1.62,21108,4406190,164689383,1265.036,3523.984,14.8,,
385,Bangladesh,3/22/2021,573687,2809,8720,30,1.64,25111,4431301,164689383,1265.036,3523.984,14.8,,
386,Bangladesh,3/23/2021,577241,3554,8738,18,1.67,25954,4457255,164689383,1265.036,3523.984,14.8,,
387,Bangladesh,3/24/2021,580808,3567,8763,25,1.65,27502,4484757,164689383,1265.036,3523.984,14.8,,
388,Bangladesh,3/25/2021,584395,3587,8797,34,1.62,27045,4511802,164689383,1265.036,3523.984,14.8,,
389,Bangladesh,3/26/2021,588132,3737,8830,33,1.6,27229,4539031,164689383,1265.036,3523.984,14.8,,
390,Bangladesh,3/27/2021,591806,3674,8869,39,1.59,27229,4566260,164689383,1265.036,3523.984,14.8,,
391,Bangladesh,3/28/2021,595714,3908,8904,35,1.57,22136,4588396,164689383,1265.036,3523.984,14.8,,
392,Bangladesh,3/29/2021,600895,5181,8949,45,1.56,28195,4616591,164689383,1265.036,3523.984,14.8,,
393,Bangladesh,3/30/2021,605937,5042,8994,45,1.54,26620,4643211,164689383,1265.036,3523.984,14.8,,
394,Bangladesh,3/31/2021,611295,5358,9046,52,1.54,26931,4670142,164689383,1265.036,3523.984,14.8,,
395,Bangladesh,4/1/2021,617764,6469,9105,59,1.55,28198,4698340,164689383,1265.036,3523.984,14.8,,
396,Bangladesh,4/2/2021,624594,6830,9155,50,1.53,29339,4727679,164689383,1265.036,3523.984,14.8,,
397,Bangladesh,4/3/2021,630277,5683,9213,58,1.49,24548,4752227,164689383,1265.036,3523.984,14.8,,
398,Bangladesh,4/4/2021,637364,7087,9266,53,1.44,30724,4782951,164689383,1265.036,3523.984,14.8,,
399,Bangladesh,4/5/2021,644439,7075,9318,52,1.37,30239,4813190,164689383,1265.036,3523.984,14.8,,
400,Bangladesh,4/6/2021,651652,7213,9384,66,1.31,34311,4847501,164689383,1265.036,3523.984,14.8,,
401,Bangladesh,4/7/2021,659278,7626,9447,63,1.26,34630,4882131,164689383,1265.036,3523.984,14.8,,
402,Bangladesh,4/8/2021,666132,6854,9521,74,1.2,33193,4915324,164689383,1265.036,3523.984,14.8,,
403,Bangladesh,4/9/2021,673594,7462,9584,63,1.16,31654,4946978,164689383,1265.036,3523.984,14.8,,
404,Bangladesh,4/10/2021,678937,5343,9661,77,1.1,26077,4973055,164689383,1265.036,3523.984,14.8,,
405,Bangladesh,4/11/2021,684756,5819,9739,78,1.04,29376,5002431,164689383,1265.036,3523.984,14.8,,
406,Bangladesh,4/12/2021,691957,7201,9822,83,0.99,34968,5037399,164689383,1265.036,3523.984,14.8,,
407,Bangladesh,4/13/2021,697985,6028,9891,69,0.92,32955,5070354,164689383,1265.036,3523.984,14.8,,
408,Bangladesh,4/14/2021,703170,5185,9987,96,0.86,24825,5095179,164689383,1265.036,3523.984,14.8,,
409,Bangladesh,4/15/2021,707362,4192,10081,94,0.82,19959,5115138,164689383,1265.036,3523.984,14.8,,
410,Bangladesh,4/16/2021,711779,4417,10182,101,0.8,18906,5134044,164689383,1265.036,3523.984,14.8,,
411,Bangladesh,4/17/2021,715252,3473,10283,101,0.8,16185,5150229,164689383,1265.036,3523.984,14.8,,
412,Bangladesh,4/18/2021,718950,3698,10385,102,0.79,19404,5169633,164689383,1265.036,3523.984,14.8,,
413,Bangladesh,4/19/2021,723221,4271,10497,112,0.79,24152,5193785,164689383,1265.036,3523.984,14.8,,
414,Bangladesh,4/20/2021,727780,4559,10588,91,0.79,27056,5220841,164689383,1265.036,3523.984,14.8,,
415,Bangladesh,4/21/2021,732060,4280,10683,95,0.79,28408,5249249,164689383,1265.036,3523.984,14.8,,
416,Bangladesh,4/22/2021,736074,4014,10781,98,0.79,27429,5276678,164689383,1265.036,3523.984,14.8,,
417,Bangladesh,4/23/2021,739703,3629,10869,88,0.77,25896,5302574,164689383,1265.036,3523.984,14.8,,
418,Bangladesh,4/24/2021,742400,2697,10952,83,0.76,20571,5323145,164689383,1265.036,3523.984,14.8,,
419,Bangladesh,4/25/2021,745322,2922,11053,101,0.74,21922,5345067,164689383,1265.036,3523.984,14.8,,
420,Bangladesh,4/26/2021,748628,3306,11150,97,0.72,25786,5370853,164689383,1265.036,3523.984,14.8,,
421,Bangladesh,4/27/2021,751659,3031,11228,78,0.69,24237,5395090,164689383,1265.036,3523.984,14.8,,
422,Bangladesh,4/28/2021,754614,2955,11305,77,0.67,24237,5419327,164689383,1265.036,3523.984,14.8,,
423,Bangladesh,4/29/2021,756955,2341,11393,88,0.65,24928,5444255,164689383,1265.036,3523.984,14.8,,
424,Bangladesh,4/30/2021,759132,2177,11450,57,0.63,21046,5465301,164689383,1265.036,3523.984,14.8,,
425,Bangladesh,5/1/2021,760584,1452,11510,60,0.61,15117,5480418,164689383,1265.036,3523.984,14.8,,
426,Bangladesh,5/2/2021,761943,1359,11579,69,0.59,14158,5494576,164689383,1265.036,3523.984,14.8,,
427,Bangladesh,5/3/2021,763682,1739,11644,65,0.59,13431,5508007,164689383,1265.036,3523.984,14.8,,
428,Bangladesh,5/4/2021,765596,1914,11705,61,0.59,0,0,164689383,1265.036,3523.984,14.8,,
429,Bangladesh,5/5/2021,767338,1742,11755,50,0.59,0,0,164689383,1265.036,3523.984,14.8,,
430,Bangladesh,5/6/2021,769160,1822,11796,41,0,0,0,164689383,1265.036,3523.984,14.8,,
431,Bangladesh,5/7/2021,770842,1682,11833,37,0,0,0,164689383,1265.036,3523.984,14.8,,
432,Bangladesh,5/8/2021,772127,1285,11878,45,0,0,0,164689383,1265.036,3523.984,14.8,,
433,Bangladesh,5/9/2021,773513,1386,11934,56,0,0,0,164689383,1265.036,3523.984,14.8,,
434,Bangladesh,5/10/2021,775027,1514,11972,38,0,0,0,164689383,1265.036,3523.984,14.8,,
435,Bangladesh,5/11/2021,776257,1230,12005,33,0,0,0,164689383,1265.036,3523.984,14.8,,
436,Bangladesh,5/11/2021,776257,1230,1523,12005,33,42.857,4713.461,7.469,9.248,72.895,0.2,0.26,0.61
,Bangladesh,5/12/2021,777397,1140,1437,12045,40,41.429,4720.383,6.922,8.726,73.138,0.243,0.252,0.59
,Bangladesh,5/13/2021,778687,1290,1361,12076,31,40,4728.216,7.833,8.264,73.326,0.188,0.243,0.59
,Bangladesh,5/14/2021,779535,848,1241.857,12102,26,38.429,4733.365,5.149,7.541,73.484,0.158,0.233,0.57
,Bangladesh,5/15/2021,779796,261,1095.571,12124,22,35.143,4734.95,1.585,6.652,73.617,0.134,0.213,0.58
,Bangladesh,5/16/2021,780159,363,949.429,12149,25,30.714,4737.154,2.204,5.765,73.769,0.152,0.186,0.62
,Bangladesh,5/17/2021,780857,698,832.857,12181,32,29.857,4741.392,4.238,5.057,73.963,0.194,0.181,0.72
,Bangladesh,5/18/2021,782129,1272,838.857,12211,30,29.429,4749.116,7.724,5.094,74.146,0.182,0.179,0.86
,Bangladesh,5/19/2021,783737,1608,905.714,12248,37,29,4758.88,9.764,5.5,74.37,0.225,0.176,0.98
,Bangladesh,5/20/2021,785194,1457,929.571,12284,36,29.714,4767.727,8.847,5.644,74.589,0.219,0.18,1.04
,Bangladesh,5/21/2021,786698,1504,1023.286,12310,26,29.714,4776.859,9.132,6.213,74.747,0.158,0.18,1.08
,Bangladesh,5/22/2021,787726,1028,1132.857,12348,38,32,4783.101,6.242,6.879,74.978,0.231,0.194,1.09
,Bangladesh,5/23/2021,789080,1354,1274.429,12376,28,32.429,4791.323,8.222,7.738,75.148,0.17,0.197,1.1
,Bangladesh,5/24/2021,790521,1441,1380.571,12401,25,31.429,4800.073,8.75,8.383,75.299,0.152,0.191,1.08
,Bangladesh,5/25/2021,792196,1675,1438.143,12441,40,32.857,4810.243,10.171,8.732,75.542,0.243,0.2,1.06
,Bangladesh,5/26/2021,793693,1497,1422.286,12458,17,30,4819.333,9.09,8.636,75.645,0.103,0.182,1.03
,Bangladesh,5/27/2021,794985,1292,1398.714,12480,22,28,4827.178,7.845,8.493,75.779,0.134,0.17,1.03
,Bangladesh,5/28/2021,796343,1358,1377.857,12511,31,28.714,4835.424,8.246,8.366,75.967,0.188,0.174,1.05
,Bangladesh,5/29/2021,797386,1043,1380,12549,38,28.714,4841.757,6.333,8.379,76.198,0.231,0.174,1.09
,Bangladesh,5/30/2021,798830,1444,1392.857,12583,34,29.571,4850.525,8.768,8.457,76.404,0.206,0.18,1.13
,Bangladesh,5/31/2021,800540,1710,1431.286,12619,36,31.143,4860.908,10.383,8.691,76.623,0.219,0.189,1.15
,Bangladesh,6/1/2021,802305,1765,1444.143,12660,41,31.286,4871.626,10.717,8.769,76.872,0.249,0.19,1.15
,Bangladesh,6/2/2021,804293,1988,1514.286,12694,34,33.714,4883.697,12.071,9.195,77.078,0.206,0.205,1.16
,Bangladesh,6/3/2021,805980,1687,1570.714,12724,30,34.857,4893.94,10.244,9.537,77.261,0.182,0.212,1.17
,Bangladesh,6/4/2021,807867,1887,1646.286,12758,34,35.286,4905.398,11.458,9.996,77.467,0.206,0.214,1.19
,Bangladesh,6/5/2021,809314,1447,1704,12801,43,36,4914.184,8.786,10.347,77.728,0.261,0.219,1.2
,Bangladesh,6/6/2021,810990,1676,1737.143,12839,38,36.571,4924.361,10.177,10.548,77.959,0.231,0.222,1.21
,Bangladesh,6/7/2021,812960,1970,1774.286,12869,30,35.714,4936.323,11.962,10.774,78.141,0.182,0.217,1.22
,Bangladesh,6/8/2021,815282,2322,1853.857,12913,44,36.143,4950.422,14.099,11.257,78.408,0.267,0.219,1.24
,Bangladesh,6/9/2021,817819,2537,1932.286,12949,36,36.429,4965.827,15.405,11.733,78.627,0.219,0.221,1.26
,Bangladesh,6/10/2021,820395,2576,2059.286,12989,40,37.857,4981.469,15.642,12.504,78.87,0.243,0.23,1.28
,Bangladesh,6/11/2021,822849,2454,2140.286,13032,43,39.143,4996.369,14.901,12.996,79.131,0.261,0.238,1.28
,Bangladesh,6/12/2021,824486,1637,2167.429,13071,39,38.571,5006.309,9.94,13.161,79.368,0.237,0.234,1.3
,Bangladesh,6/13/2021,826922,2436,2276,13118,47,39.857,5021.101,14.791,13.82,79.653,0.285,0.242,1.33
,Bangladesh,6/14/2021,829972,3050,2430.286,13172,54,43.286,5039.621,18.52,14.757,79.981,0.328,0.263,1.36
,Bangladesh,6/15/2021,833291,3319,2572.714,13222,50,44.143,5059.774,20.153,15.622,80.284,0.304,0.268,1.38
,Bangladesh,6/16/2021,837247,3956,2775.429,13282,60,47.571,5083.795,24.021,16.853,80.649,0.364,0.289,1.41
,Bangladesh,6/17/2021,841087,3840,2956,13345,63,50.857,5107.111,23.317,17.949,81.031,0.383,0.309,1.41
,Bangladesh,6/18/2021,844970,3883,3160.143,13399,54,52.429,5130.689,23.578,19.189,81.359,0.328,0.318,1.41
,Bangladesh,6/19/2021,848027,3057,3363,13466,67,56.429,5149.251,18.562,20.42,81.766,0.407,0.343,1.41
,Bangladesh,6/20/2021,851668,3641,3535.143,13548,82,61.429,5171.359,22.108,21.466,82.264,0.498,0.373,1.4
,Bangladesh,6/21/2021,856304,4636,3761.714,13626,78,64.857,5199.509,28.15,22.841,82.738,0.474,0.394,1.4
,Bangladesh,6/22/2021,861150,4846,3979.857,13702,76,68.571,5228.935,29.425,24.166,83.199,0.461,0.416,1.41
,Bangladesh,6/23/2021,866877,5727,4232.857,13787,85,72.143,5263.709,34.775,25.702,83.715,0.516,0.438,1.43
,Bangladesh,6/24/2021,872935,6058,4549.714,13868,81,74.714,5300.493,36.784,27.626,84.207,0.492,0.454,1.44
,Bangladesh,6/25/2021,878804,5869,4833.429,13976,108,82.429,5336.13,35.637,29.349,84.863,0.656,0.501,1.44
,Bangladesh,6/26/2021,883138,4334,5015.857,14053,77,83.857,5362.446,26.316,30.456,85.33,0.468,0.509,1.43
,Bangladesh,6/27/2021,888406,5268,5248.286,14172,119,89.143,5394.434,31.987,31.868,86.053,0.723,0.541,1.44
,Bangladesh,6/28/2021,896770,8364,5780.857,14276,104,92.857,5445.22,50.787,35.102,86.684,0.631,0.564,1.46
,Bangladesh,6/29/2021,904436,7666,6183.714,14388,112,98,5491.769,46.548,37.548,87.364,0.68,0.595,1.43
,Bangladesh,6/30/2021,913258,8822,6625.857,14503,115,102.286,5545.336,53.568,40.232,88.063,0.698,0.621,1.42
,Bangladesh,7/1/2021,921559,8301,6946.286,14646,143,111.143,5595.74,50.404,42.178,88.931,0.868,0.675,1.4
,Bangladesh,7/2/2021,930042,8483,7319.714,14778,132,114.571,5647.249,51.509,44.446,89.733,0.802,0.696,1.39
,Bangladesh,7/3/2021,936256,6214,7588.286,14912,134,122.714,5684.981,37.732,46.076,90.546,0.814,0.745,1.38
,Bangladesh,7/4/2021,944917,8661,8073,15065,153,127.571,5737.571,52.59,49.02,91.475,0.929,0.775,1.38
,Bangladesh,7/5/2021,954881,9964,8301.571,15229,164,136.143,5798.073,60.502,50.407,92.471,0.996,0.827,1.36
,Bangladesh,7/6/2021,966406,11525,8852.857,15392,163,143.429,5868.053,69.98,53.755,93.461,0.99,0.871,1.35
,Bangladesh,7/7/2021,977568,11162,9187.143,15593,201,155.714,5935.829,67.776,55.785,94.681,1.22,0.946,1.34
,Bangladesh,7/8/2021,989219,11651,9665.714,15792,199,163.714,6006.574,70.745,58.691,95.89,1.208,0.994,1.33
,Bangladesh,7/9/2021,1000543,11324,10071.571,16004,212,175.143,6075.334,68.76,61.155,97.177,1.287,1.063,1.33
,Bangladesh,7/10/2021,1009315,8772,10437,16189,185,182.429,6128.598,53.264,63.374,98.3,1.123,1.108,1.34
,Bangladesh,7/11/2021,1021189,11874,10896,16419,230,193.429,6200.697,72.099,66.161,99.697,1.397,1.175,
,Bangladesh,7/12/2021,1034957,13768,11439.429,16639,220,201.429,6284.297,83.6,69.461,101.033,1.336,1.223,
,Bangladesh,7/13/2021,1047155,12198,11535.571,16842,203,207.143,6358.364,74.067,70.044,102.265,1.233,1.258,
